gene,score.p,score.n,score.z,score.ppen,score.npen,ppv,npv,ppenpv,npenpv
ENSG00000103264,0.977777777777778,0.0222222222222222,3.12250225675825e-17,0.3,38.76,0.0456690018813623,0.899561837219922,0.878352261583303,0.158893305641254
ENSG00000172375,0.977777777777778,0.0222222222222222,3.12250225675825e-17,0.2,47.78,0.0456690018813623,0.899561837219922,0.880040157604293,0.0577507163805428
ENSG00000214517,0.977777777777778,0.0222222222222222,3.12250225675825e-17,0.4,24.19,0.0456690018813623,0.899561837219922,0.876647744622171,0.471959850938606
